<?xml version="1.0" encoding="UTF-8"?>
<project-private xmlns="http://www.netbeans.org/ns/project-private/1">
    <editor-bookmarks xmlns="http://www.netbeans.org/ns/editor-bookmarks/2" lastBookmarkId="0"/>
    <open-files xmlns="http://www.netbeans.org/ns/projectui-open-files/2">
        <group>
            <file>file:/E:/xampp/htdocs/xinjia/tp5/application/admin/view/keeper/team_public.html</file>
            <file>file:/E:/xampp/htdocs/xinjia/tp5/application/admin/controller/Keeper.php</file>
            <file>file:/E:/xampp/htdocs/xinjia/tp5/application/admin/view/keeper/team_list.html</file>
            <file>file:/E:/xampp/htdocs/xinjia/tp5/application/admin/view/keeper/power.html</file>
            <file>file:/E:/xampp/htdocs/xinjia/tp5/application/admin/view/keeper/admin_edit.html</file>
        </group>
    </open-files>
</project-private>
