<?xml version="1.0" encoding="UTF-8"?>
<project-private xmlns="http://www.netbeans.org/ns/project-private/1">
    <editor-bookmarks xmlns="http://www.netbeans.org/ns/editor-bookmarks/2" lastBookmarkId="0"/>
    <open-files xmlns="http://www.netbeans.org/ns/projectui-open-files/2">
        <group>
            <file>file:/E:/xampp/htdocs/xinjia/tp5/public/static/index/js/personal/cabinet_number.js</file>
            <file>file:/E:/xampp/htdocs/xinjia/tp5/application/index/controller/OrderPort.php</file>
            <file>file:/E:/xampp/htdocs/xinjia/tp5/application/index/view/personal/place_order_port.html</file>
        </group>
    </open-files>
</project-private>
