<?xml version="1.0" encoding="UTF-8"?>
<project-private xmlns="http://www.netbeans.org/ns/project-private/1">
    <editor-bookmarks xmlns="http://www.netbeans.org/ns/editor-bookmarks/2" lastBookmarkId="0"/>
    <open-files xmlns="http://www.netbeans.org/ns/projectui-open-files/2">
        <group>
            <file>file:/E:/xampp/htdocs/xinjia/tp5/application/admin/model/Order.php</file>
            <file>file:/E:/xampp/htdocs/xinjia/tp5/application/admin/controller/Order.php</file>
        </group>
    </open-files>
</project-private>
