{
  "elements": {
    "include": {
      "attributes": {
        "file": {}
      }
    },
    "layout": {
      "attributes": {
        "name": {}
      }
    },
    "literal":{},
    "extend":{
      "attributes": {
        "name": {}
      }
    },
    "else": {},
    "for": {
      "attributes": {
        "start": {},
        "end": {},
        "comparison":{},
        "step":{},
        "name":{}
      }
    },
    "foreach": {
      "attributes": {
        "name": {},
        "item": {},
        "key":{}
      }
    },
    "block": {
      "attributes": {
        "name": {}
      }
    },
    "neq": {
      "attributes": {
        "name": {},
        "value": {}
      }
    },
    "eq": {
      "attributes": {
        "name": {},
        "value": {}
      }
    },
    "gt": {
      "attributes": {
        "name": {},
        "value": {}
      }
    },
    "egt": {
      "attributes": {
        "name": {},
        "value": {}
      }
    },
    "lt": {
      "attributes": {
        "name": {},
        "value": {}
      }
    },
    "elt": {
      "attributes": {
        "name": {},
        "value": {}
      }
    },
    "heq": {
      "attributes": {
        "name": {},
        "value": {}
      }
    },
    "nheq": {
      "attributes": {
        "name": {},
        "value": {}
      }
    },
    "in": {
      "attributes": {
        "name": {},
        "value": {}
      }
    },
    "volist": {
      "attributes": {
        "name": {},
        "id":{},
        "offset":{},
        "length":{},
        "mod":{},
        "empty":{},
        "key":{}
      }
    },
    "if": {
      "attributes": {
        "condition": {}
      }
    },
    "case": {
      "attributes": {
        "value": {}
      }
    },
    "switch": {
      "attributes": {
        "name": {}
      }
    },
    "present": {
      "attributes": {
        "name": {}
      }
    },
    "notpresent": {
      "attributes": {
        "name": {}
      }
    },
    "empty": {
      "attributes": {
        "name": {}
      }
    },
    "notempty": {
      "attributes": {
        "name": {}
      }
    },
    "defined": {
      "attributes": {
        "name": {}
      }
    },
    "assign": {
      "attributes": {
        "name": {},
        "value":{}
      }
    },
    "define": {
      "attributes": {
        "name": {},
        "value": {}
      }
    },
    "import": {
      "attributes": {
        "type": {},
        "file": {},
        "basepath": {}
      }
    },
    "load": {
      "attributes": {
        "href": {}
      }
    },
    "js": {
      "attributes": {
        "href": {}
      }
    },
    "css": {
      "attributes": {
        "href": {}
      }
    },
    "php": {
      "attributes": {}
    },
  },
  "attributes": {}
}